{
  "model_type": "random_forest",
  "folds": [
    {
      "fold_id": 0,
      "train_start": 0,
      "train_end": 400,
      "val_start": 400,
      "val_end": 500,
      "train_size": 400,
      "val_size": 100,
      "accuracy": 1.0,
      "precision": 1.0,
      "recall": 1.0,
      "f1": 1.0,
      "roc_auc": 1.0,
      "confusion": [
        [
          47,
          0
        ],
        [
          0,
          53
        ]
      ],
      "feature_importances": {
        "hour": 0.00808795351643208,
        "day_of_week": 0.0,
        "minute_in_session": 0.00957473157087037,
        "epoch_sequence": 0.013201324738627382,
        "is_market_open": 0.003916982070431577,
        "rsi": 0.021212549538375265,
        "volatility": 0.017153215850132717,
        "price_momentum": 0.023424794443527606,
        "spread_proxy": 0.022208515695222586,
        "position_in_range": 0.04323508177472143,
        "price_z_score": 0.06651072152876328,
        "btc_correlation": 0.0,
        "multi_crypto_agreement": 0.0,
        "market_wide_direction": 0.7714741292728958
      }
    },
    {
      "fold_id": 1,
      "train_start": 50,
      "train_end": 450,
      "val_start": 450,
      "val_end": 550,
      "train_size": 400,
      "val_size": 100,
      "accuracy": 1.0,
      "precision": 1.0,
      "recall": 1.0,
      "f1": 1.0,
      "roc_auc": 1.0,
      "confusion": [
        [
          46,
          0
        ],
        [
          0,
          54
        ]
      ],
      "feature_importances": {
        "hour": 0.010701778341005492,
        "day_of_week": 0.0,
        "minute_in_session": 0.0095928616184003,
        "epoch_sequence": 0.017098085870397635,
        "is_market_open": 0.0009378119163904876,
        "rsi": 0.02127943821965001,
        "volatility": 0.015045222317751348,
        "price_momentum": 0.024125114317573974,
        "spread_proxy": 0.014845904372801273,
        "position_in_range": 0.05170975039793645,
        "price_z_score": 0.05604519688553348,
        "btc_correlation": 0.0,
        "multi_crypto_agreement": 0.0,
        "market_wide_direction": 0.7786188357425595
      }
    },
    {
      "fold_id": 2,
      "train_start": 100,
      "train_end": 500,
      "val_start": 500,
      "val_end": 600,
      "train_size": 400,
      "val_size": 100,
      "accuracy": 1.0,
      "precision": 1.0,
      "recall": 1.0,
      "f1": 1.0,
      "roc_auc": 1.0,
      "confusion": [
        [
          50,
          0
        ],
        [
          0,
          50
        ]
      ],
      "feature_importances": {
        "hour": 0.015879978889470042,
        "day_of_week": 0.0,
        "minute_in_session": 0.010657849863604069,
        "epoch_sequence": 0.01784956861799184,
        "is_market_open": 0.0018875847359679646,
        "rsi": 0.020262836503520655,
        "volatility": 0.025032337802034323,
        "price_momentum": 0.026860612568792394,
        "spread_proxy": 0.03277451203107169,
        "position_in_range": 0.04772715282916342,
        "price_z_score": 0.05365464751754827,
        "btc_correlation": 0.0,
        "multi_crypto_agreement": 0.0,
        "market_wide_direction": 0.7474129186408354
      }
    },
    {
      "fold_id": 3,
      "train_start": 150,
      "train_end": 550,
      "val_start": 550,
      "val_end": 650,
      "train_size": 400,
      "val_size": 100,
      "accuracy": 1.0,
      "precision": 1.0,
      "recall": 1.0,
      "f1": 1.0,
      "roc_auc": 1.0,
      "confusion": [
        [
          55,
          0
        ],
        [
          0,
          45
        ]
      ],
      "feature_importances": {
        "hour": 0.008112784415354398,
        "day_of_week": 0.0,
        "minute_in_session": 0.00771667416868577,
        "epoch_sequence": 0.00985145244687427,
        "is_market_open": 0.0015841434976771698,
        "rsi": 0.019707811442664775,
        "volatility": 0.01877110383947397,
        "price_momentum": 0.02806064548719747,
        "spread_proxy": 0.02440202359093935,
        "position_in_range": 0.053194868521133254,
        "price_z_score": 0.0498182852060065,
        "btc_correlation": 0.0,
        "multi_crypto_agreement": 0.0,
        "market_wide_direction": 0.7787802073839931
      }
    },
    {
      "fold_id": 4,
      "train_start": 200,
      "train_end": 600,
      "val_start": 600,
      "val_end": 700,
      "train_size": 400,
      "val_size": 100,
      "accuracy": 1.0,
      "precision": 1.0,
      "recall": 1.0,
      "f1": 1.0,
      "roc_auc": 1.0,
      "confusion": [
        [
          54,
          0
        ],
        [
          0,
          46
        ]
      ],
      "feature_importances": {
        "hour": 0.010920054698661167,
        "day_of_week": 0.0,
        "minute_in_session": 0.009683419956585507,
        "epoch_sequence": 0.020809545057568796,
        "is_market_open": 0.0017506184027241878,
        "rsi": 0.02176195261012115,
        "volatility": 0.01995237930492504,
        "price_momentum": 0.031250688952571076,
        "spread_proxy": 0.02791597604201484,
        "position_in_range": 0.04989784508924968,
        "price_z_score": 0.05835091423728766,
        "btc_correlation": 0.0,
        "multi_crypto_agreement": 0.0,
        "market_wide_direction": 0.7477066056482908
      }
    }
  ],
  "avg_accuracy": 1.0,
  "avg_precision": 1.0,
  "avg_recall": 1.0,
  "avg_f1": 1.0,
  "avg_roc_auc": 1.0,
  "std_accuracy": 0.0,
  "std_roc_auc": 0.0,
  "total_train_samples": 2000,
  "total_val_samples": 500,
  "num_folds": 5,
  "feature_importances": {
    "hour": 0.010740509972184637,
    "day_of_week": 0.0,
    "minute_in_session": 0.009445107435629202,
    "epoch_sequence": 0.015761995346291986,
    "is_market_open": 0.0020154281246382777,
    "rsi": 0.02084491766286637,
    "volatility": 0.019190851822863477,
    "price_momentum": 0.026744371153932505,
    "spread_proxy": 0.024429386346409947,
    "position_in_range": 0.04915293972244085,
    "price_z_score": 0.05687595307502784,
    "btc_correlation": 0.0,
    "multi_crypto_agreement": 0.0,
    "market_wide_direction": 0.7647985393377148
  },
  "trained_at": "2026-01-15T12:58:40.675940"
}